run_id,commit_sha,commit_message,status,conclusion,workflow_duration,job_name,job_duration,step_name,step_duration,test_count,test_failures,avg_test_time_ms,timestamp,commit_short,branch,run_number,run_attempt
26897518263,620f4afe82a53c5adca78f29720a818eb40c4db8,fix: revert lint error (recovery B),completed,success,60.0,lint,16.0,Set up job,1.0,32,0,0,2026-06-03T16:11:30Z,620f4af,experimento-cicd,16,1
26897518263,620f4afe82a53c5adca78f29720a818eb40c4db8,fix: revert lint error (recovery B),completed,success,60.0,lint,16.0,Run actions/checkout@v4,1.0,32,0,0,2026-06-03T16:11:30Z,620f4af,experimento-cicd,16,1
26897518263,620f4afe82a53c5adca78f29720a818eb40c4db8,fix: revert lint error (recovery B),completed,success,60.0,lint,16.0,Run actions/setup-node@v4,5.0,32,0,0,2026-06-03T16:11:30Z,620f4af,experimento-cicd,16,1
26897518263,620f4afe82a53c5adca78f29720a818eb40c4db8,fix: revert lint error (recovery B),completed,success,60.0,lint,16.0,Run actions/cache@v4,2.0,32,0,0,2026-06-03T16:11:30Z,620f4af,experimento-cicd,16,1
26897518263,620f4afe82a53c5adca78f29720a818eb40c4db8,fix: revert lint error (recovery B),completed,success,60.0,lint,16.0,Run npm ci,2.0,32,0,0,2026-06-03T16:11:30Z,620f4af,experimento-cicd,16,1
26897518263,620f4afe82a53c5adca78f29720a818eb40c4db8,fix: revert lint error (recovery B),completed,success,60.0,lint,16.0,Run ESLint,1.0,32,0,0,2026-06-03T16:11:30Z,620f4af,experimento-cicd,16,1
26897518263,620f4afe82a53c5adca78f29720a818eb40c4db8,fix: revert lint error (recovery B),completed,success,60.0,lint,16.0,Post Run actions/cache@v4,0.0,32,0,0,2026-06-03T16:11:30Z,620f4af,experimento-cicd,16,1
26897518263,620f4afe82a53c5adca78f29720a818eb40c4db8,fix: revert lint error (recovery B),completed,success,60.0,lint,16.0,Post Run actions/setup-node@v4,0.0,32,0,0,2026-06-03T16:11:30Z,620f4af,experimento-cicd,16,1
26897518263,620f4afe82a53c5adca78f29720a818eb40c4db8,fix: revert lint error (recovery B),completed,success,60.0,lint,16.0,Post Run actions/checkout@v4,0.0,32,0,0,2026-06-03T16:11:30Z,620f4af,experimento-cicd,16,1
26897518263,620f4afe82a53c5adca78f29720a818eb40c4db8,fix: revert lint error (recovery B),completed,success,60.0,lint,16.0,Complete job,0.0,32,0,0,2026-06-03T16:11:30Z,620f4af,experimento-cicd,16,1
26897518263,620f4afe82a53c5adca78f29720a818eb40c4db8,fix: revert lint error (recovery B),completed,success,60.0,install,12.0,Set up job,2.0,32,0,0,2026-06-03T16:11:30Z,620f4af,experimento-cicd,16,1
26897518263,620f4afe82a53c5adca78f29720a818eb40c4db8,fix: revert lint error (recovery B),completed,success,60.0,install,12.0,Run actions/checkout@v4,0.0,32,0,0,2026-06-03T16:11:30Z,620f4af,experimento-cicd,16,1
26897518263,620f4afe82a53c5adca78f29720a818eb40c4db8,fix: revert lint error (recovery B),completed,success,60.0,install,12.0,Run actions/setup-node@v4,5.0,32,0,0,2026-06-03T16:11:30Z,620f4af,experimento-cicd,16,1
26897518263,620f4afe82a53c5adca78f29720a818eb40c4db8,fix: revert lint error (recovery B),completed,success,60.0,install,12.0,Run actions/cache@v4,1.0,32,0,0,2026-06-03T16:11:30Z,620f4af,experimento-cicd,16,1
26897518263,620f4afe82a53c5adca78f29720a818eb40c4db8,fix: revert lint error (recovery B),completed,success,60.0,install,12.0,Install dependencies,2.0,32,0,0,2026-06-03T16:11:30Z,620f4af,experimento-cicd,16,1
26897518263,620f4afe82a53c5adca78f29720a818eb40c4db8,fix: revert lint error (recovery B),completed,success,60.0,install,12.0,Done,0.0,32,0,0,2026-06-03T16:11:30Z,620f4af,experimento-cicd,16,1
26897518263,620f4afe82a53c5adca78f29720a818eb40c4db8,fix: revert lint error (recovery B),completed,success,60.0,install,12.0,Post Run actions/cache@v4,0.0,32,0,0,2026-06-03T16:11:30Z,620f4af,experimento-cicd,16,1
26897518263,620f4afe82a53c5adca78f29720a818eb40c4db8,fix: revert lint error (recovery B),completed,success,60.0,install,12.0,Post Run actions/setup-node@v4,0.0,32,0,0,2026-06-03T16:11:30Z,620f4af,experimento-cicd,16,1
26897518263,620f4afe82a53c5adca78f29720a818eb40c4db8,fix: revert lint error (recovery B),completed,success,60.0,install,12.0,Post Run actions/checkout@v4,1.0,32,0,0,2026-06-03T16:11:30Z,620f4af,experimento-cicd,16,1
26897518263,620f4afe82a53c5adca78f29720a818eb40c4db8,fix: revert lint error (recovery B),completed,success,60.0,install,12.0,Complete job,0.0,32,0,0,2026-06-03T16:11:30Z,620f4af,experimento-cicd,16,1
26897518263,620f4afe82a53c5adca78f29720a818eb40c4db8,fix: revert lint error (recovery B),completed,success,60.0,test,21.0,Set up job,2.0,32,0,0,2026-06-03T16:11:30Z,620f4af,experimento-cicd,16,1
26897518263,620f4afe82a53c5adca78f29720a818eb40c4db8,fix: revert lint error (recovery B),completed,success,60.0,test,21.0,Run actions/checkout@v4,1.0,32,0,0,2026-06-03T16:11:30Z,620f4af,experimento-cicd,16,1
26897518263,620f4afe82a53c5adca78f29720a818eb40c4db8,fix: revert lint error (recovery B),completed,success,60.0,test,21.0,Run actions/setup-node@v4,4.0,32,0,0,2026-06-03T16:11:30Z,620f4af,experimento-cicd,16,1
26897518263,620f4afe82a53c5adca78f29720a818eb40c4db8,fix: revert lint error (recovery B),completed,success,60.0,test,21.0,Run actions/cache@v4,3.0,32,0,0,2026-06-03T16:11:30Z,620f4af,experimento-cicd,16,1
26897518263,620f4afe82a53c5adca78f29720a818eb40c4db8,fix: revert lint error (recovery B),completed,success,60.0,test,21.0,Run npm ci,2.0,32,0,0,2026-06-03T16:11:30Z,620f4af,experimento-cicd,16,1
26897518263,620f4afe82a53c5adca78f29720a818eb40c4db8,fix: revert lint error (recovery B),completed,success,60.0,test,21.0,Run tests with JSON output,4.0,32,0,0,2026-06-03T16:11:30Z,620f4af,experimento-cicd,16,1
26897518263,620f4afe82a53c5adca78f29720a818eb40c4db8,fix: revert lint error (recovery B),completed,success,60.0,test,21.0,Compute test metrics,0.0,32,0,0,2026-06-03T16:11:30Z,620f4af,experimento-cicd,16,1
26897518263,620f4afe82a53c5adca78f29720a818eb40c4db8,fix: revert lint error (recovery B),completed,success,60.0,test,21.0,Upload test artifact,1.0,32,0,0,2026-06-03T16:11:30Z,620f4af,experimento-cicd,16,1
26897518263,620f4afe82a53c5adca78f29720a818eb40c4db8,fix: revert lint error (recovery B),completed,success,60.0,test,21.0,Post Run actions/cache@v4,1.0,32,0,0,2026-06-03T16:11:30Z,620f4af,experimento-cicd,16,1
26897518263,620f4afe82a53c5adca78f29720a818eb40c4db8,fix: revert lint error (recovery B),completed,success,60.0,test,21.0,Post Run actions/setup-node@v4,0.0,32,0,0,2026-06-03T16:11:30Z,620f4af,experimento-cicd,16,1
26897518263,620f4afe82a53c5adca78f29720a818eb40c4db8,fix: revert lint error (recovery B),completed,success,60.0,test,21.0,Post Run actions/checkout@v4,0.0,32,0,0,2026-06-03T16:11:30Z,620f4af,experimento-cicd,16,1
26897518263,620f4afe82a53c5adca78f29720a818eb40c4db8,fix: revert lint error (recovery B),completed,success,60.0,test,21.0,Complete job,0.0,32,0,0,2026-06-03T16:11:30Z,620f4af,experimento-cicd,16,1
26897449252,9db620d172724ea8cabbf2be1229e580c5b6377e,lint: reintroduce no-var for recovery scenario,completed,failure,22.0,lint,17.0,Set up job,1.0,,,,2026-06-03T16:10:13Z,9db620d,experimento-cicd,15,1
26897449252,9db620d172724ea8cabbf2be1229e580c5b6377e,lint: reintroduce no-var for recovery scenario,completed,failure,22.0,lint,17.0,Run actions/checkout@v4,1.0,,,,2026-06-03T16:10:13Z,9db620d,experimento-cicd,15,1
26897449252,9db620d172724ea8cabbf2be1229e580c5b6377e,lint: reintroduce no-var for recovery scenario,completed,failure,22.0,lint,17.0,Run actions/setup-node@v4,6.0,,,,2026-06-03T16:10:13Z,9db620d,experimento-cicd,15,1
26897449252,9db620d172724ea8cabbf2be1229e580c5b6377e,lint: reintroduce no-var for recovery scenario,completed,failure,22.0,lint,17.0,Run actions/cache@v4,1.0,,,,2026-06-03T16:10:13Z,9db620d,experimento-cicd,15,1
26897449252,9db620d172724ea8cabbf2be1229e580c5b6377e,lint: reintroduce no-var for recovery scenario,completed,failure,22.0,lint,17.0,Run npm ci,3.0,,,,2026-06-03T16:10:13Z,9db620d,experimento-cicd,15,1
26897449252,9db620d172724ea8cabbf2be1229e580c5b6377e,lint: reintroduce no-var for recovery scenario,completed,failure,22.0,lint,17.0,Run ESLint,0.0,,,,2026-06-03T16:10:13Z,9db620d,experimento-cicd,15,1
26897449252,9db620d172724ea8cabbf2be1229e580c5b6377e,lint: reintroduce no-var for recovery scenario,completed,failure,22.0,lint,17.0,Post Run actions/cache@v4,0.0,,,,2026-06-03T16:10:13Z,9db620d,experimento-cicd,15,1
26897449252,9db620d172724ea8cabbf2be1229e580c5b6377e,lint: reintroduce no-var for recovery scenario,completed,failure,22.0,lint,17.0,Post Run actions/setup-node@v4,0.0,,,,2026-06-03T16:10:13Z,9db620d,experimento-cicd,15,1
26897449252,9db620d172724ea8cabbf2be1229e580c5b6377e,lint: reintroduce no-var for recovery scenario,completed,failure,22.0,lint,17.0,Post Run actions/checkout@v4,1.0,,,,2026-06-03T16:10:13Z,9db620d,experimento-cicd,15,1
26897449252,9db620d172724ea8cabbf2be1229e580c5b6377e,lint: reintroduce no-var for recovery scenario,completed,failure,22.0,lint,17.0,Complete job,0.0,,,,2026-06-03T16:10:13Z,9db620d,experimento-cicd,15,1
26897449252,9db620d172724ea8cabbf2be1229e580c5b6377e,lint: reintroduce no-var for recovery scenario,completed,failure,22.0,install,0.0,,,,,,2026-06-03T16:10:13Z,9db620d,experimento-cicd,15,1
26897449252,9db620d172724ea8cabbf2be1229e580c5b6377e,lint: reintroduce no-var for recovery scenario,completed,failure,22.0,test,0.0,,,,,,2026-06-03T16:10:13Z,9db620d,experimento-cicd,15,1
26897406335,df7c749396ba0b11855724250a7686e70700e9bb,fix: revert test failure (recovery A),completed,failure,17.0,lint,13.0,Set up job,1.0,,,,2026-06-03T16:09:26Z,df7c749,experimento-cicd,14,1
26897406335,df7c749396ba0b11855724250a7686e70700e9bb,fix: revert test failure (recovery A),completed,failure,17.0,lint,13.0,Run actions/checkout@v4,1.0,,,,2026-06-03T16:09:26Z,df7c749,experimento-cicd,14,1
26897406335,df7c749396ba0b11855724250a7686e70700e9bb,fix: revert test failure (recovery A),completed,failure,17.0,lint,13.0,Run actions/setup-node@v4,4.0,,,,2026-06-03T16:09:26Z,df7c749,experimento-cicd,14,1
26897406335,df7c749396ba0b11855724250a7686e70700e9bb,fix: revert test failure (recovery A),completed,failure,17.0,lint,13.0,Run actions/cache@v4,1.0,,,,2026-06-03T16:09:26Z,df7c749,experimento-cicd,14,1
26897406335,df7c749396ba0b11855724250a7686e70700e9bb,fix: revert test failure (recovery A),completed,failure,17.0,lint,13.0,Run npm ci,2.0,,,,2026-06-03T16:09:26Z,df7c749,experimento-cicd,14,1
26897406335,df7c749396ba0b11855724250a7686e70700e9bb,fix: revert test failure (recovery A),completed,failure,17.0,lint,13.0,Run ESLint,1.0,,,,2026-06-03T16:09:26Z,df7c749,experimento-cicd,14,1
26897406335,df7c749396ba0b11855724250a7686e70700e9bb,fix: revert test failure (recovery A),completed,failure,17.0,lint,13.0,Post Run actions/cache@v4,0.0,,,,2026-06-03T16:09:26Z,df7c749,experimento-cicd,14,1
26897406335,df7c749396ba0b11855724250a7686e70700e9bb,fix: revert test failure (recovery A),completed,failure,17.0,lint,13.0,Post Run actions/setup-node@v4,0.0,,,,2026-06-03T16:09:26Z,df7c749,experimento-cicd,14,1
26897406335,df7c749396ba0b11855724250a7686e70700e9bb,fix: revert test failure (recovery A),completed,failure,17.0,lint,13.0,Post Run actions/checkout@v4,0.0,,,,2026-06-03T16:09:26Z,df7c749,experimento-cicd,14,1
26897406335,df7c749396ba0b11855724250a7686e70700e9bb,fix: revert test failure (recovery A),completed,failure,17.0,lint,13.0,Complete job,0.0,,,,2026-06-03T16:09:26Z,df7c749,experimento-cicd,14,1
26897406335,df7c749396ba0b11855724250a7686e70700e9bb,fix: revert test failure (recovery A),completed,failure,17.0,install,0.0,,,,,,2026-06-03T16:09:26Z,df7c749,experimento-cicd,14,1
26897406335,df7c749396ba0b11855724250a7686e70700e9bb,fix: revert test failure (recovery A),completed,failure,17.0,test,-1.0,,,,,,2026-06-03T16:09:26Z,df7c749,experimento-cicd,14,1
26897395500,2d462534c46014c8679ac55912ffb99c8dee9fc4,test: temporarily break for recovery scenario,completed,failure,16.0,lint,12.0,Set up job,1.0,,,,2026-06-03T16:09:14Z,2d46253,experimento-cicd,13,1
26897395500,2d462534c46014c8679ac55912ffb99c8dee9fc4,test: temporarily break for recovery scenario,completed,failure,16.0,lint,12.0,Run actions/checkout@v4,0.0,,,,2026-06-03T16:09:14Z,2d46253,experimento-cicd,13,1
26897395500,2d462534c46014c8679ac55912ffb99c8dee9fc4,test: temporarily break for recovery scenario,completed,failure,16.0,lint,12.0,Run actions/setup-node@v4,5.0,,,,2026-06-03T16:09:14Z,2d46253,experimento-cicd,13,1
26897395500,2d462534c46014c8679ac55912ffb99c8dee9fc4,test: temporarily break for recovery scenario,completed,failure,16.0,lint,12.0,Run actions/cache@v4,0.0,,,,2026-06-03T16:09:14Z,2d46253,experimento-cicd,13,1
26897395500,2d462534c46014c8679ac55912ffb99c8dee9fc4,test: temporarily break for recovery scenario,completed,failure,16.0,lint,12.0,Run npm ci,3.0,,,,2026-06-03T16:09:14Z,2d46253,experimento-cicd,13,1
26897395500,2d462534c46014c8679ac55912ffb99c8dee9fc4,test: temporarily break for recovery scenario,completed,failure,16.0,lint,12.0,Run ESLint,0.0,,,,2026-06-03T16:09:14Z,2d46253,experimento-cicd,13,1
26897395500,2d462534c46014c8679ac55912ffb99c8dee9fc4,test: temporarily break for recovery scenario,completed,failure,16.0,lint,12.0,Post Run actions/cache@v4,0.0,,,,2026-06-03T16:09:14Z,2d46253,experimento-cicd,13,1
26897395500,2d462534c46014c8679ac55912ffb99c8dee9fc4,test: temporarily break for recovery scenario,completed,failure,16.0,lint,12.0,Post Run actions/setup-node@v4,0.0,,,,2026-06-03T16:09:14Z,2d46253,experimento-cicd,13,1
26897395500,2d462534c46014c8679ac55912ffb99c8dee9fc4,test: temporarily break for recovery scenario,completed,failure,16.0,lint,12.0,Post Run actions/checkout@v4,0.0,,,,2026-06-03T16:09:14Z,2d46253,experimento-cicd,13,1
26897395500,2d462534c46014c8679ac55912ffb99c8dee9fc4,test: temporarily break for recovery scenario,completed,failure,16.0,lint,12.0,Complete job,0.0,,,,2026-06-03T16:09:14Z,2d46253,experimento-cicd,13,1
26897395500,2d462534c46014c8679ac55912ffb99c8dee9fc4,test: temporarily break for recovery scenario,completed,failure,16.0,install,0.0,,,,,,2026-06-03T16:09:14Z,2d46253,experimento-cicd,13,1
26897395500,2d462534c46014c8679ac55912ffb99c8dee9fc4,test: temporarily break for recovery scenario,completed,failure,16.0,test,0.0,,,,,,2026-06-03T16:09:14Z,2d46253,experimento-cicd,13,1
26897380848,95d7dbc4acbb058c39ea9da8ee577ec1c0aec71c,ci: invert job order (lint before install),completed,failure,19.0,lint,15.0,Set up job,1.0,,,,2026-06-03T16:08:57Z,95d7dbc,experimento-cicd,12,1
26897380848,95d7dbc4acbb058c39ea9da8ee577ec1c0aec71c,ci: invert job order (lint before install),completed,failure,19.0,lint,15.0,Run actions/checkout@v4,1.0,,,,2026-06-03T16:08:57Z,95d7dbc,experimento-cicd,12,1
26897380848,95d7dbc4acbb058c39ea9da8ee577ec1c0aec71c,ci: invert job order (lint before install),completed,failure,19.0,lint,15.0,Run actions/setup-node@v4,6.0,,,,2026-06-03T16:08:57Z,95d7dbc,experimento-cicd,12,1
26897380848,95d7dbc4acbb058c39ea9da8ee577ec1c0aec71c,ci: invert job order (lint before install),completed,failure,19.0,lint,15.0,Run actions/cache@v4,1.0,,,,2026-06-03T16:08:57Z,95d7dbc,experimento-cicd,12,1
26897380848,95d7dbc4acbb058c39ea9da8ee577ec1c0aec71c,ci: invert job order (lint before install),completed,failure,19.0,lint,15.0,Run npm ci,2.0,,,,2026-06-03T16:08:57Z,95d7dbc,experimento-cicd,12,1
26897380848,95d7dbc4acbb058c39ea9da8ee577ec1c0aec71c,ci: invert job order (lint before install),completed,failure,19.0,lint,15.0,Run ESLint,1.0,,,,2026-06-03T16:08:57Z,95d7dbc,experimento-cicd,12,1
26897380848,95d7dbc4acbb058c39ea9da8ee577ec1c0aec71c,ci: invert job order (lint before install),completed,failure,19.0,lint,15.0,Post Run actions/cache@v4,0.0,,,,2026-06-03T16:08:57Z,95d7dbc,experimento-cicd,12,1
26897380848,95d7dbc4acbb058c39ea9da8ee577ec1c0aec71c,ci: invert job order (lint before install),completed,failure,19.0,lint,15.0,Post Run actions/setup-node@v4,0.0,,,,2026-06-03T16:08:57Z,95d7dbc,experimento-cicd,12,1
26897380848,95d7dbc4acbb058c39ea9da8ee577ec1c0aec71c,ci: invert job order (lint before install),completed,failure,19.0,lint,15.0,Post Run actions/checkout@v4,0.0,,,,2026-06-03T16:08:57Z,95d7dbc,experimento-cicd,12,1
26897380848,95d7dbc4acbb058c39ea9da8ee577ec1c0aec71c,ci: invert job order (lint before install),completed,failure,19.0,lint,15.0,Complete job,0.0,,,,2026-06-03T16:08:57Z,95d7dbc,experimento-cicd,12,1
26897380848,95d7dbc4acbb058c39ea9da8ee577ec1c0aec71c,ci: invert job order (lint before install),completed,failure,19.0,install,-1.0,,,,,,2026-06-03T16:08:57Z,95d7dbc,experimento-cicd,12,1
26897380848,95d7dbc4acbb058c39ea9da8ee577ec1c0aec71c,ci: invert job order (lint before install),completed,failure,19.0,test,-1.0,,,,,,2026-06-03T16:08:57Z,95d7dbc,experimento-cicd,12,1
26897355538,eb785f28dc57c52ecbc1b57ab24c0d94c6b9840f,ci: restore 3 sequential jobs,completed,failure,30.0,install,12.0,Set up job,1.0,,,,2026-06-03T16:08:28Z,eb785f2,experimento-cicd,11,1
26897355538,eb785f28dc57c52ecbc1b57ab24c0d94c6b9840f,ci: restore 3 sequential jobs,completed,failure,30.0,install,12.0,Run actions/checkout@v4,0.0,,,,2026-06-03T16:08:28Z,eb785f2,experimento-cicd,11,1
26897355538,eb785f28dc57c52ecbc1b57ab24c0d94c6b9840f,ci: restore 3 sequential jobs,completed,failure,30.0,install,12.0,Run actions/setup-node@v4,4.0,,,,2026-06-03T16:08:28Z,eb785f2,experimento-cicd,11,1
26897355538,eb785f28dc57c52ecbc1b57ab24c0d94c6b9840f,ci: restore 3 sequential jobs,completed,failure,30.0,install,12.0,Run actions/cache@v4,1.0,,,,2026-06-03T16:08:28Z,eb785f2,experimento-cicd,11,1
26897355538,eb785f28dc57c52ecbc1b57ab24c0d94c6b9840f,ci: restore 3 sequential jobs,completed,failure,30.0,install,12.0,Install dependencies,3.0,,,,2026-06-03T16:08:28Z,eb785f2,experimento-cicd,11,1
26897355538,eb785f28dc57c52ecbc1b57ab24c0d94c6b9840f,ci: restore 3 sequential jobs,completed,failure,30.0,install,12.0,Done,0.0,,,,2026-06-03T16:08:28Z,eb785f2,experimento-cicd,11,1
26897355538,eb785f28dc57c52ecbc1b57ab24c0d94c6b9840f,ci: restore 3 sequential jobs,completed,failure,30.0,install,12.0,Post Run actions/cache@v4,0.0,,,,2026-06-03T16:08:28Z,eb785f2,experimento-cicd,11,1
26897355538,eb785f28dc57c52ecbc1b57ab24c0d94c6b9840f,ci: restore 3 sequential jobs,completed,failure,30.0,install,12.0,Post Run actions/setup-node@v4,0.0,,,,2026-06-03T16:08:28Z,eb785f2,experimento-cicd,11,1
26897355538,eb785f28dc57c52ecbc1b57ab24c0d94c6b9840f,ci: restore 3 sequential jobs,completed,failure,30.0,install,12.0,Post Run actions/checkout@v4,0.0,,,,2026-06-03T16:08:28Z,eb785f2,experimento-cicd,11,1
26897355538,eb785f28dc57c52ecbc1b57ab24c0d94c6b9840f,ci: restore 3 sequential jobs,completed,failure,30.0,install,12.0,Complete job,0.0,,,,2026-06-03T16:08:28Z,eb785f2,experimento-cicd,11,1
26897355538,eb785f28dc57c52ecbc1b57ab24c0d94c6b9840f,ci: restore 3 sequential jobs,completed,failure,30.0,lint,11.0,Set up job,1.0,,,,2026-06-03T16:08:28Z,eb785f2,experimento-cicd,11,1
26897355538,eb785f28dc57c52ecbc1b57ab24c0d94c6b9840f,ci: restore 3 sequential jobs,completed,failure,30.0,lint,11.0,Run actions/checkout@v4,0.0,,,,2026-06-03T16:08:28Z,eb785f2,experimento-cicd,11,1
26897355538,eb785f28dc57c52ecbc1b57ab24c0d94c6b9840f,ci: restore 3 sequential jobs,completed,failure,30.0,lint,11.0,Run actions/setup-node@v4,4.0,,,,2026-06-03T16:08:28Z,eb785f2,experimento-cicd,11,1
26897355538,eb785f28dc57c52ecbc1b57ab24c0d94c6b9840f,ci: restore 3 sequential jobs,completed,failure,30.0,lint,11.0,Run actions/cache@v4,1.0,,,,2026-06-03T16:08:28Z,eb785f2,experimento-cicd,11,1
26897355538,eb785f28dc57c52ecbc1b57ab24c0d94c6b9840f,ci: restore 3 sequential jobs,completed,failure,30.0,lint,11.0,Run npm ci,2.0,,,,2026-06-03T16:08:28Z,eb785f2,experimento-cicd,11,1
26897355538,eb785f28dc57c52ecbc1b57ab24c0d94c6b9840f,ci: restore 3 sequential jobs,completed,failure,30.0,lint,11.0,Run ESLint,0.0,,,,2026-06-03T16:08:28Z,eb785f2,experimento-cicd,11,1
26897355538,eb785f28dc57c52ecbc1b57ab24c0d94c6b9840f,ci: restore 3 sequential jobs,completed,failure,30.0,lint,11.0,Post Run actions/cache@v4,0.0,,,,2026-06-03T16:08:28Z,eb785f2,experimento-cicd,11,1
26897355538,eb785f28dc57c52ecbc1b57ab24c0d94c6b9840f,ci: restore 3 sequential jobs,completed,failure,30.0,lint,11.0,Post Run actions/setup-node@v4,0.0,,,,2026-06-03T16:08:28Z,eb785f2,experimento-cicd,11,1
26897355538,eb785f28dc57c52ecbc1b57ab24c0d94c6b9840f,ci: restore 3 sequential jobs,completed,failure,30.0,lint,11.0,Post Run actions/checkout@v4,0.0,,,,2026-06-03T16:08:28Z,eb785f2,experimento-cicd,11,1
26897355538,eb785f28dc57c52ecbc1b57ab24c0d94c6b9840f,ci: restore 3 sequential jobs,completed,failure,30.0,lint,11.0,Complete job,0.0,,,,2026-06-03T16:08:28Z,eb785f2,experimento-cicd,11,1
26897355538,eb785f28dc57c52ecbc1b57ab24c0d94c6b9840f,ci: restore 3 sequential jobs,completed,failure,30.0,test,-1.0,,,,,,2026-06-03T16:08:28Z,eb785f2,experimento-cicd,11,1
26897332300,a5cb8809d07e53e7726c869c388ab5588ac2f347,ci: parallelize lint and test,completed,failure,17.0,install,12.0,Set up job,1.0,0,0,0,2026-06-03T16:08:02Z,a5cb880,experimento-cicd,10,1
26897332300,a5cb8809d07e53e7726c869c388ab5588ac2f347,ci: parallelize lint and test,completed,failure,17.0,install,12.0,Run actions/checkout@v4,1.0,0,0,0,2026-06-03T16:08:02Z,a5cb880,experimento-cicd,10,1
26897332300,a5cb8809d07e53e7726c869c388ab5588ac2f347,ci: parallelize lint and test,completed,failure,17.0,install,12.0,Run actions/setup-node@v4,4.0,0,0,0,2026-06-03T16:08:02Z,a5cb880,experimento-cicd,10,1
26897332300,a5cb8809d07e53e7726c869c388ab5588ac2f347,ci: parallelize lint and test,completed,failure,17.0,install,12.0,Run actions/cache@v4,1.0,0,0,0,2026-06-03T16:08:02Z,a5cb880,experimento-cicd,10,1
26897332300,a5cb8809d07e53e7726c869c388ab5588ac2f347,ci: parallelize lint and test,completed,failure,17.0,install,12.0,Run npm ci,2.0,0,0,0,2026-06-03T16:08:02Z,a5cb880,experimento-cicd,10,1
26897332300,a5cb8809d07e53e7726c869c388ab5588ac2f347,ci: parallelize lint and test,completed,failure,17.0,install,12.0,Done,0.0,0,0,0,2026-06-03T16:08:02Z,a5cb880,experimento-cicd,10,1
26897332300,a5cb8809d07e53e7726c869c388ab5588ac2f347,ci: parallelize lint and test,completed,failure,17.0,install,12.0,Post Run actions/cache@v4,0.0,0,0,0,2026-06-03T16:08:02Z,a5cb880,experimento-cicd,10,1
26897332300,a5cb8809d07e53e7726c869c388ab5588ac2f347,ci: parallelize lint and test,completed,failure,17.0,install,12.0,Post Run actions/setup-node@v4,1.0,0,0,0,2026-06-03T16:08:02Z,a5cb880,experimento-cicd,10,1
26897332300,a5cb8809d07e53e7726c869c388ab5588ac2f347,ci: parallelize lint and test,completed,failure,17.0,install,12.0,Post Run actions/checkout@v4,0.0,0,0,0,2026-06-03T16:08:02Z,a5cb880,experimento-cicd,10,1
26897332300,a5cb8809d07e53e7726c869c388ab5588ac2f347,ci: parallelize lint and test,completed,failure,17.0,install,12.0,Complete job,0.0,0,0,0,2026-06-03T16:08:02Z,a5cb880,experimento-cicd,10,1
26897332300,a5cb8809d07e53e7726c869c388ab5588ac2f347,ci: parallelize lint and test,completed,failure,17.0,lint_and_test,13.0,Set up job,2.0,0,0,0,2026-06-03T16:08:02Z,a5cb880,experimento-cicd,10,1
26897332300,a5cb8809d07e53e7726c869c388ab5588ac2f347,ci: parallelize lint and test,completed,failure,17.0,lint_and_test,13.0,Run actions/checkout@v4,1.0,0,0,0,2026-06-03T16:08:02Z,a5cb880,experimento-cicd,10,1
26897332300,a5cb8809d07e53e7726c869c388ab5588ac2f347,ci: parallelize lint and test,completed,failure,17.0,lint_and_test,13.0,Run actions/setup-node@v4,4.0,0,0,0,2026-06-03T16:08:02Z,a5cb880,experimento-cicd,10,1
26897332300,a5cb8809d07e53e7726c869c388ab5588ac2f347,ci: parallelize lint and test,completed,failure,17.0,lint_and_test,13.0,Run actions/cache@v4,1.0,0,0,0,2026-06-03T16:08:02Z,a5cb880,experimento-cicd,10,1
26897332300,a5cb8809d07e53e7726c869c388ab5588ac2f347,ci: parallelize lint and test,completed,failure,17.0,lint_and_test,13.0,Run npm ci,2.0,0,0,0,2026-06-03T16:08:02Z,a5cb880,experimento-cicd,10,1
26897332300,a5cb8809d07e53e7726c869c388ab5588ac2f347,ci: parallelize lint and test,completed,failure,17.0,lint_and_test,13.0,Run ESLint,1.0,0,0,0,2026-06-03T16:08:02Z,a5cb880,experimento-cicd,10,1
26897332300,a5cb8809d07e53e7726c869c388ab5588ac2f347,ci: parallelize lint and test,completed,failure,17.0,lint_and_test,13.0,Run tests with JSON output,0.0,0,0,0,2026-06-03T16:08:02Z,a5cb880,experimento-cicd,10,1
26897332300,a5cb8809d07e53e7726c869c388ab5588ac2f347,ci: parallelize lint and test,completed,failure,17.0,lint_and_test,13.0,Compute test metrics,0.0,0,0,0,2026-06-03T16:08:02Z,a5cb880,experimento-cicd,10,1
26897332300,a5cb8809d07e53e7726c869c388ab5588ac2f347,ci: parallelize lint and test,completed,failure,17.0,lint_and_test,13.0,Upload test artifact,0.0,0,0,0,2026-06-03T16:08:02Z,a5cb880,experimento-cicd,10,1
26897332300,a5cb8809d07e53e7726c869c388ab5588ac2f347,ci: parallelize lint and test,completed,failure,17.0,lint_and_test,13.0,Post Run actions/cache@v4,0.0,0,0,0,2026-06-03T16:08:02Z,a5cb880,experimento-cicd,10,1
26897332300,a5cb8809d07e53e7726c869c388ab5588ac2f347,ci: parallelize lint and test,completed,failure,17.0,lint_and_test,13.0,Post Run actions/setup-node@v4,0.0,0,0,0,2026-06-03T16:08:02Z,a5cb880,experimento-cicd,10,1
26897332300,a5cb8809d07e53e7726c869c388ab5588ac2f347,ci: parallelize lint and test,completed,failure,17.0,lint_and_test,13.0,Post Run actions/checkout@v4,1.0,0,0,0,2026-06-03T16:08:02Z,a5cb880,experimento-cicd,10,1
26897332300,a5cb8809d07e53e7726c869c388ab5588ac2f347,ci: parallelize lint and test,completed,failure,17.0,lint_and_test,13.0,Complete job,0.0,0,0,0,2026-06-03T16:08:02Z,a5cb880,experimento-cicd,10,1
26897315899,7dd9263e9c668c61a8f5ac69d2801b42128de1ea,ci: collapse jobs to single,completed,failure,22.0,all,18.0,Set up job,2.0,0,0,0,2026-06-03T16:07:44Z,7dd9263,experimento-cicd,9,1
26897315899,7dd9263e9c668c61a8f5ac69d2801b42128de1ea,ci: collapse jobs to single,completed,failure,22.0,all,18.0,Run actions/checkout@v4,1.0,0,0,0,2026-06-03T16:07:44Z,7dd9263,experimento-cicd,9,1
26897315899,7dd9263e9c668c61a8f5ac69d2801b42128de1ea,ci: collapse jobs to single,completed,failure,22.0,all,18.0,Run actions/setup-node@v4,5.0,0,0,0,2026-06-03T16:07:44Z,7dd9263,experimento-cicd,9,1
26897315899,7dd9263e9c668c61a8f5ac69d2801b42128de1ea,ci: collapse jobs to single,completed,failure,22.0,all,18.0,Run actions/cache@v4,3.0,0,0,0,2026-06-03T16:07:44Z,7dd9263,experimento-cicd,9,1
26897315899,7dd9263e9c668c61a8f5ac69d2801b42128de1ea,ci: collapse jobs to single,completed,failure,22.0,all,18.0,Run npm ci,2.0,0,0,0,2026-06-03T16:07:44Z,7dd9263,experimento-cicd,9,1
26897315899,7dd9263e9c668c61a8f5ac69d2801b42128de1ea,ci: collapse jobs to single,completed,failure,22.0,all,18.0,Run ESLint,1.0,0,0,0,2026-06-03T16:07:44Z,7dd9263,experimento-cicd,9,1
26897315899,7dd9263e9c668c61a8f5ac69d2801b42128de1ea,ci: collapse jobs to single,completed,failure,22.0,all,18.0,Run tests with JSON output,0.0,0,0,0,2026-06-03T16:07:44Z,7dd9263,experimento-cicd,9,1
26897315899,7dd9263e9c668c61a8f5ac69d2801b42128de1ea,ci: collapse jobs to single,completed,failure,22.0,all,18.0,Compute test metrics,0.0,0,0,0,2026-06-03T16:07:44Z,7dd9263,experimento-cicd,9,1
26897315899,7dd9263e9c668c61a8f5ac69d2801b42128de1ea,ci: collapse jobs to single,completed,failure,22.0,all,18.0,Upload test artifact,1.0,0,0,0,2026-06-03T16:07:44Z,7dd9263,experimento-cicd,9,1
26897315899,7dd9263e9c668c61a8f5ac69d2801b42128de1ea,ci: collapse jobs to single,completed,failure,22.0,all,18.0,Post Run actions/cache@v4,0.0,0,0,0,2026-06-03T16:07:44Z,7dd9263,experimento-cicd,9,1
26897315899,7dd9263e9c668c61a8f5ac69d2801b42128de1ea,ci: collapse jobs to single,completed,failure,22.0,all,18.0,Post Run actions/setup-node@v4,0.0,0,0,0,2026-06-03T16:07:44Z,7dd9263,experimento-cicd,9,1
26897315899,7dd9263e9c668c61a8f5ac69d2801b42128de1ea,ci: collapse jobs to single,completed,failure,22.0,all,18.0,Post Run actions/checkout@v4,0.0,0,0,0,2026-06-03T16:07:44Z,7dd9263,experimento-cicd,9,1
26897315899,7dd9263e9c668c61a8f5ac69d2801b42128de1ea,ci: collapse jobs to single,completed,failure,22.0,all,18.0,Complete job,0.0,0,0,0,2026-06-03T16:07:44Z,7dd9263,experimento-cicd,9,1
26893965590,1086bfaef1f1dabdd975c3b87bc415effcac43ff,ci: switch to npm install (no lockfile strict),completed,failure,34.0,install,14.0,Set up job,2.0,,,,2026-06-03T15:09:57Z,1086bfa,experimento-cicd,8,1
26893965590,1086bfaef1f1dabdd975c3b87bc415effcac43ff,ci: switch to npm install (no lockfile strict),completed,failure,34.0,install,14.0,Run actions/checkout@v4,1.0,,,,2026-06-03T15:09:57Z,1086bfa,experimento-cicd,8,1
26893965590,1086bfaef1f1dabdd975c3b87bc415effcac43ff,ci: switch to npm install (no lockfile strict),completed,failure,34.0,install,14.0,Run actions/setup-node@v4,4.0,,,,2026-06-03T15:09:57Z,1086bfa,experimento-cicd,8,1
26893965590,1086bfaef1f1dabdd975c3b87bc415effcac43ff,ci: switch to npm install (no lockfile strict),completed,failure,34.0,install,14.0,Run actions/cache@v4,1.0,,,,2026-06-03T15:09:57Z,1086bfa,experimento-cicd,8,1
26893965590,1086bfaef1f1dabdd975c3b87bc415effcac43ff,ci: switch to npm install (no lockfile strict),completed,failure,34.0,install,14.0,Install dependencies,2.0,,,,2026-06-03T15:09:57Z,1086bfa,experimento-cicd,8,1
26893965590,1086bfaef1f1dabdd975c3b87bc415effcac43ff,ci: switch to npm install (no lockfile strict),completed,failure,34.0,install,14.0,Done,0.0,,,,2026-06-03T15:09:57Z,1086bfa,experimento-cicd,8,1
26893965590,1086bfaef1f1dabdd975c3b87bc415effcac43ff,ci: switch to npm install (no lockfile strict),completed,failure,34.0,install,14.0,Post Run actions/cache@v4,0.0,,,,2026-06-03T15:09:57Z,1086bfa,experimento-cicd,8,1
26893965590,1086bfaef1f1dabdd975c3b87bc415effcac43ff,ci: switch to npm install (no lockfile strict),completed,failure,34.0,install,14.0,Post Run actions/setup-node@v4,0.0,,,,2026-06-03T15:09:57Z,1086bfa,experimento-cicd,8,1
26893965590,1086bfaef1f1dabdd975c3b87bc415effcac43ff,ci: switch to npm install (no lockfile strict),completed,failure,34.0,install,14.0,Post Run actions/checkout@v4,0.0,,,,2026-06-03T15:09:57Z,1086bfa,experimento-cicd,8,1
26893965590,1086bfaef1f1dabdd975c3b87bc415effcac43ff,ci: switch to npm install (no lockfile strict),completed,failure,34.0,install,14.0,Complete job,0.0,,,,2026-06-03T15:09:57Z,1086bfa,experimento-cicd,8,1
26893965590,1086bfaef1f1dabdd975c3b87bc415effcac43ff,ci: switch to npm install (no lockfile strict),completed,failure,34.0,lint,12.0,Set up job,1.0,,,,2026-06-03T15:09:57Z,1086bfa,experimento-cicd,8,1
26893965590,1086bfaef1f1dabdd975c3b87bc415effcac43ff,ci: switch to npm install (no lockfile strict),completed,failure,34.0,lint,12.0,Run actions/checkout@v4,0.0,,,,2026-06-03T15:09:57Z,1086bfa,experimento-cicd,8,1
26893965590,1086bfaef1f1dabdd975c3b87bc415effcac43ff,ci: switch to npm install (no lockfile strict),completed,failure,34.0,lint,12.0,Run actions/setup-node@v4,4.0,,,,2026-06-03T15:09:57Z,1086bfa,experimento-cicd,8,1
26893965590,1086bfaef1f1dabdd975c3b87bc415effcac43ff,ci: switch to npm install (no lockfile strict),completed,failure,34.0,lint,12.0,Run actions/cache@v4,1.0,,,,2026-06-03T15:09:57Z,1086bfa,experimento-cicd,8,1
26893965590,1086bfaef1f1dabdd975c3b87bc415effcac43ff,ci: switch to npm install (no lockfile strict),completed,failure,34.0,lint,12.0,Run npm install,2.0,,,,2026-06-03T15:09:57Z,1086bfa,experimento-cicd,8,1
26893965590,1086bfaef1f1dabdd975c3b87bc415effcac43ff,ci: switch to npm install (no lockfile strict),completed,failure,34.0,lint,12.0,Run ESLint,1.0,,,,2026-06-03T15:09:57Z,1086bfa,experimento-cicd,8,1
26893965590,1086bfaef1f1dabdd975c3b87bc415effcac43ff,ci: switch to npm install (no lockfile strict),completed,failure,34.0,lint,12.0,Post Run actions/cache@v4,0.0,,,,2026-06-03T15:09:57Z,1086bfa,experimento-cicd,8,1
26893965590,1086bfaef1f1dabdd975c3b87bc415effcac43ff,ci: switch to npm install (no lockfile strict),completed,failure,34.0,lint,12.0,Post Run actions/setup-node@v4,0.0,,,,2026-06-03T15:09:57Z,1086bfa,experimento-cicd,8,1
26893965590,1086bfaef1f1dabdd975c3b87bc415effcac43ff,ci: switch to npm install (no lockfile strict),completed,failure,34.0,lint,12.0,Post Run actions/checkout@v4,0.0,,,,2026-06-03T15:09:57Z,1086bfa,experimento-cicd,8,1
26893965590,1086bfaef1f1dabdd975c3b87bc415effcac43ff,ci: switch to npm install (no lockfile strict),completed,failure,34.0,lint,12.0,Complete job,0.0,,,,2026-06-03T15:09:57Z,1086bfa,experimento-cicd,8,1
26893965590,1086bfaef1f1dabdd975c3b87bc415effcac43ff,ci: switch to npm install (no lockfile strict),completed,failure,34.0,test,-1.0,,,,,,2026-06-03T15:09:57Z,1086bfa,experimento-cicd,8,1
26893565479,71f87c15c1a8985c17ec3425788418f4ad225229,test: add 20 synthetic tests for experiment,completed,failure,35.0,install,15.0,Set up job,1.0,,,,2026-06-03T15:03:10Z,71f87c1,experimento-cicd,7,1
26893565479,71f87c15c1a8985c17ec3425788418f4ad225229,test: add 20 synthetic tests for experiment,completed,failure,35.0,install,15.0,Run actions/checkout@v4,1.0,,,,2026-06-03T15:03:10Z,71f87c1,experimento-cicd,7,1
26893565479,71f87c15c1a8985c17ec3425788418f4ad225229,test: add 20 synthetic tests for experiment,completed,failure,35.0,install,15.0,Run actions/setup-node@v4,5.0,,,,2026-06-03T15:03:10Z,71f87c1,experimento-cicd,7,1
26893565479,71f87c15c1a8985c17ec3425788418f4ad225229,test: add 20 synthetic tests for experiment,completed,failure,35.0,install,15.0,Run actions/cache@v4,1.0,,,,2026-06-03T15:03:10Z,71f87c1,experimento-cicd,7,1
26893565479,71f87c15c1a8985c17ec3425788418f4ad225229,test: add 20 synthetic tests for experiment,completed,failure,35.0,install,15.0,Install dependencies,3.0,,,,2026-06-03T15:03:10Z,71f87c1,experimento-cicd,7,1
26893565479,71f87c15c1a8985c17ec3425788418f4ad225229,test: add 20 synthetic tests for experiment,completed,failure,35.0,install,15.0,Done,0.0,,,,2026-06-03T15:03:10Z,71f87c1,experimento-cicd,7,1
26893565479,71f87c15c1a8985c17ec3425788418f4ad225229,test: add 20 synthetic tests for experiment,completed,failure,35.0,install,15.0,Post Run actions/cache@v4,0.0,,,,2026-06-03T15:03:10Z,71f87c1,experimento-cicd,7,1
26893565479,71f87c15c1a8985c17ec3425788418f4ad225229,test: add 20 synthetic tests for experiment,completed,failure,35.0,install,15.0,Post Run actions/setup-node@v4,0.0,,,,2026-06-03T15:03:10Z,71f87c1,experimento-cicd,7,1
26893565479,71f87c15c1a8985c17ec3425788418f4ad225229,test: add 20 synthetic tests for experiment,completed,failure,35.0,install,15.0,Post Run actions/checkout@v4,0.0,,,,2026-06-03T15:03:10Z,71f87c1,experimento-cicd,7,1
26893565479,71f87c15c1a8985c17ec3425788418f4ad225229,test: add 20 synthetic tests for experiment,completed,failure,35.0,install,15.0,Complete job,0.0,,,,2026-06-03T15:03:10Z,71f87c1,experimento-cicd,7,1
26893565479,71f87c15c1a8985c17ec3425788418f4ad225229,test: add 20 synthetic tests for experiment,completed,failure,35.0,lint,12.0,Set up job,1.0,,,,2026-06-03T15:03:10Z,71f87c1,experimento-cicd,7,1
26893565479,71f87c15c1a8985c17ec3425788418f4ad225229,test: add 20 synthetic tests for experiment,completed,failure,35.0,lint,12.0,Run actions/checkout@v4,1.0,,,,2026-06-03T15:03:10Z,71f87c1,experimento-cicd,7,1
26893565479,71f87c15c1a8985c17ec3425788418f4ad225229,test: add 20 synthetic tests for experiment,completed,failure,35.0,lint,12.0,Run actions/setup-node@v4,5.0,,,,2026-06-03T15:03:10Z,71f87c1,experimento-cicd,7,1
26893565479,71f87c15c1a8985c17ec3425788418f4ad225229,test: add 20 synthetic tests for experiment,completed,failure,35.0,lint,12.0,Run actions/cache@v4,0.0,,,,2026-06-03T15:03:10Z,71f87c1,experimento-cicd,7,1
26893565479,71f87c15c1a8985c17ec3425788418f4ad225229,test: add 20 synthetic tests for experiment,completed,failure,35.0,lint,12.0,Run npm ci,3.0,,,,2026-06-03T15:03:10Z,71f87c1,experimento-cicd,7,1
26893565479,71f87c15c1a8985c17ec3425788418f4ad225229,test: add 20 synthetic tests for experiment,completed,failure,35.0,lint,12.0,Run ESLint,0.0,,,,2026-06-03T15:03:10Z,71f87c1,experimento-cicd,7,1
26893565479,71f87c15c1a8985c17ec3425788418f4ad225229,test: add 20 synthetic tests for experiment,completed,failure,35.0,lint,12.0,Post Run actions/cache@v4,0.0,,,,2026-06-03T15:03:10Z,71f87c1,experimento-cicd,7,1
26893565479,71f87c15c1a8985c17ec3425788418f4ad225229,test: add 20 synthetic tests for experiment,completed,failure,35.0,lint,12.0,Post Run actions/setup-node@v4,0.0,,,,2026-06-03T15:03:10Z,71f87c1,experimento-cicd,7,1
26893565479,71f87c15c1a8985c17ec3425788418f4ad225229,test: add 20 synthetic tests for experiment,completed,failure,35.0,lint,12.0,Post Run actions/checkout@v4,1.0,,,,2026-06-03T15:03:10Z,71f87c1,experimento-cicd,7,1
26893565479,71f87c15c1a8985c17ec3425788418f4ad225229,test: add 20 synthetic tests for experiment,completed,failure,35.0,lint,12.0,Complete job,0.0,,,,2026-06-03T15:03:10Z,71f87c1,experimento-cicd,7,1
26893565479,71f87c15c1a8985c17ec3425788418f4ad225229,test: add 20 synthetic tests for experiment,completed,failure,35.0,test,-1.0,,,,,,2026-06-03T15:03:10Z,71f87c1,experimento-cicd,7,1
26893549547,01053e8be2b0caeee0e973e5393cf84dc2f96c54,test: add 5 slow tests for experiment,completed,failure,42.0,install,18.0,Set up job,2.0,,,,2026-06-03T15:02:54Z,01053e8,experimento-cicd,6,1
26893549547,01053e8be2b0caeee0e973e5393cf84dc2f96c54,test: add 5 slow tests for experiment,completed,failure,42.0,install,18.0,Run actions/checkout@v4,1.0,,,,2026-06-03T15:02:54Z,01053e8,experimento-cicd,6,1
26893549547,01053e8be2b0caeee0e973e5393cf84dc2f96c54,test: add 5 slow tests for experiment,completed,failure,42.0,install,18.0,Run actions/setup-node@v4,5.0,,,,2026-06-03T15:02:54Z,01053e8,experimento-cicd,6,1
26893549547,01053e8be2b0caeee0e973e5393cf84dc2f96c54,test: add 5 slow tests for experiment,completed,failure,42.0,install,18.0,Run actions/cache@v4,2.0,,,,2026-06-03T15:02:54Z,01053e8,experimento-cicd,6,1
26893549547,01053e8be2b0caeee0e973e5393cf84dc2f96c54,test: add 5 slow tests for experiment,completed,failure,42.0,install,18.0,Install dependencies,2.0,,,,2026-06-03T15:02:54Z,01053e8,experimento-cicd,6,1
26893549547,01053e8be2b0caeee0e973e5393cf84dc2f96c54,test: add 5 slow tests for experiment,completed,failure,42.0,install,18.0,Done,0.0,,,,2026-06-03T15:02:54Z,01053e8,experimento-cicd,6,1
26893549547,01053e8be2b0caeee0e973e5393cf84dc2f96c54,test: add 5 slow tests for experiment,completed,failure,42.0,install,18.0,Post Run actions/cache@v4,1.0,,,,2026-06-03T15:02:54Z,01053e8,experimento-cicd,6,1
26893549547,01053e8be2b0caeee0e973e5393cf84dc2f96c54,test: add 5 slow tests for experiment,completed,failure,42.0,install,18.0,Post Run actions/setup-node@v4,0.0,,,,2026-06-03T15:02:54Z,01053e8,experimento-cicd,6,1
26893549547,01053e8be2b0caeee0e973e5393cf84dc2f96c54,test: add 5 slow tests for experiment,completed,failure,42.0,install,18.0,Post Run actions/checkout@v4,0.0,,,,2026-06-03T15:02:54Z,01053e8,experimento-cicd,6,1
26893549547,01053e8be2b0caeee0e973e5393cf84dc2f96c54,test: add 5 slow tests for experiment,completed,failure,42.0,install,18.0,Complete job,0.0,,,,2026-06-03T15:02:54Z,01053e8,experimento-cicd,6,1
26893549547,01053e8be2b0caeee0e973e5393cf84dc2f96c54,test: add 5 slow tests for experiment,completed,failure,42.0,lint,15.0,Set up job,1.0,,,,2026-06-03T15:02:54Z,01053e8,experimento-cicd,6,1
26893549547,01053e8be2b0caeee0e973e5393cf84dc2f96c54,test: add 5 slow tests for experiment,completed,failure,42.0,lint,15.0,Run actions/checkout@v4,1.0,,,,2026-06-03T15:02:54Z,01053e8,experimento-cicd,6,1
26893549547,01053e8be2b0caeee0e973e5393cf84dc2f96c54,test: add 5 slow tests for experiment,completed,failure,42.0,lint,15.0,Run actions/setup-node@v4,5.0,,,,2026-06-03T15:02:54Z,01053e8,experimento-cicd,6,1
26893549547,01053e8be2b0caeee0e973e5393cf84dc2f96c54,test: add 5 slow tests for experiment,completed,failure,42.0,lint,15.0,Run actions/cache@v4,1.0,,,,2026-06-03T15:02:54Z,01053e8,experimento-cicd,6,1
26893549547,01053e8be2b0caeee0e973e5393cf84dc2f96c54,test: add 5 slow tests for experiment,completed,failure,42.0,lint,15.0,Run npm ci,2.0,,,,2026-06-03T15:02:54Z,01053e8,experimento-cicd,6,1
26893549547,01053e8be2b0caeee0e973e5393cf84dc2f96c54,test: add 5 slow tests for experiment,completed,failure,42.0,lint,15.0,Run ESLint,1.0,,,,2026-06-03T15:02:54Z,01053e8,experimento-cicd,6,1
26893549547,01053e8be2b0caeee0e973e5393cf84dc2f96c54,test: add 5 slow tests for experiment,completed,failure,42.0,lint,15.0,Post Run actions/cache@v4,0.0,,,,2026-06-03T15:02:54Z,01053e8,experimento-cicd,6,1
26893549547,01053e8be2b0caeee0e973e5393cf84dc2f96c54,test: add 5 slow tests for experiment,completed,failure,42.0,lint,15.0,Post Run actions/setup-node@v4,0.0,,,,2026-06-03T15:02:54Z,01053e8,experimento-cicd,6,1
26893549547,01053e8be2b0caeee0e973e5393cf84dc2f96c54,test: add 5 slow tests for experiment,completed,failure,42.0,lint,15.0,Post Run actions/checkout@v4,0.0,,,,2026-06-03T15:02:54Z,01053e8,experimento-cicd,6,1
26893549547,01053e8be2b0caeee0e973e5393cf84dc2f96c54,test: add 5 slow tests for experiment,completed,failure,42.0,lint,15.0,Complete job,0.0,,,,2026-06-03T15:02:54Z,01053e8,experimento-cicd,6,1
26893549547,01053e8be2b0caeee0e973e5393cf84dc2f96c54,test: add 5 slow tests for experiment,completed,failure,42.0,test,0.0,,,,,,2026-06-03T15:02:54Z,01053e8,experimento-cicd,6,1
26893427247,7a9867d37e65f765473a69ff08bf06cf720ae752,lint: introduce no-var rule and revert test break,completed,failure,35.0,install,15.0,Set up job,2.0,,,,2026-06-03T15:00:50Z,7a9867d,experimento-cicd,5,1
26893427247,7a9867d37e65f765473a69ff08bf06cf720ae752,lint: introduce no-var rule and revert test break,completed,failure,35.0,install,15.0,Run actions/checkout@v4,1.0,,,,2026-06-03T15:00:50Z,7a9867d,experimento-cicd,5,1
26893427247,7a9867d37e65f765473a69ff08bf06cf720ae752,lint: introduce no-var rule and revert test break,completed,failure,35.0,install,15.0,Run actions/setup-node@v4,5.0,,,,2026-06-03T15:00:50Z,7a9867d,experimento-cicd,5,1
26893427247,7a9867d37e65f765473a69ff08bf06cf720ae752,lint: introduce no-var rule and revert test break,completed,failure,35.0,install,15.0,Run actions/cache@v4,1.0,,,,2026-06-03T15:00:50Z,7a9867d,experimento-cicd,5,1
26893427247,7a9867d37e65f765473a69ff08bf06cf720ae752,lint: introduce no-var rule and revert test break,completed,failure,35.0,install,15.0,Install dependencies,2.0,,,,2026-06-03T15:00:50Z,7a9867d,experimento-cicd,5,1
26893427247,7a9867d37e65f765473a69ff08bf06cf720ae752,lint: introduce no-var rule and revert test break,completed,failure,35.0,install,15.0,Done,0.0,,,,2026-06-03T15:00:50Z,7a9867d,experimento-cicd,5,1
26893427247,7a9867d37e65f765473a69ff08bf06cf720ae752,lint: introduce no-var rule and revert test break,completed,failure,35.0,install,15.0,Post Run actions/cache@v4,0.0,,,,2026-06-03T15:00:50Z,7a9867d,experimento-cicd,5,1
26893427247,7a9867d37e65f765473a69ff08bf06cf720ae752,lint: introduce no-var rule and revert test break,completed,failure,35.0,install,15.0,Post Run actions/setup-node@v4,1.0,,,,2026-06-03T15:00:50Z,7a9867d,experimento-cicd,5,1
26893427247,7a9867d37e65f765473a69ff08bf06cf720ae752,lint: introduce no-var rule and revert test break,completed,failure,35.0,install,15.0,Post Run actions/checkout@v4,0.0,,,,2026-06-03T15:00:50Z,7a9867d,experimento-cicd,5,1
26893427247,7a9867d37e65f765473a69ff08bf06cf720ae752,lint: introduce no-var rule and revert test break,completed,failure,35.0,install,15.0,Complete job,0.0,,,,2026-06-03T15:00:50Z,7a9867d,experimento-cicd,5,1
26893427247,7a9867d37e65f765473a69ff08bf06cf720ae752,lint: introduce no-var rule and revert test break,completed,failure,35.0,lint,12.0,Set up job,1.0,,,,2026-06-03T15:00:50Z,7a9867d,experimento-cicd,5,1
26893427247,7a9867d37e65f765473a69ff08bf06cf720ae752,lint: introduce no-var rule and revert test break,completed,failure,35.0,lint,12.0,Run actions/checkout@v4,0.0,,,,2026-06-03T15:00:50Z,7a9867d,experimento-cicd,5,1
26893427247,7a9867d37e65f765473a69ff08bf06cf720ae752,lint: introduce no-var rule and revert test break,completed,failure,35.0,lint,12.0,Run actions/setup-node@v4,5.0,,,,2026-06-03T15:00:50Z,7a9867d,experimento-cicd,5,1
26893427247,7a9867d37e65f765473a69ff08bf06cf720ae752,lint: introduce no-var rule and revert test break,completed,failure,35.0,lint,12.0,Run actions/cache@v4,0.0,,,,2026-06-03T15:00:50Z,7a9867d,experimento-cicd,5,1
26893427247,7a9867d37e65f765473a69ff08bf06cf720ae752,lint: introduce no-var rule and revert test break,completed,failure,35.0,lint,12.0,Run npm ci,3.0,,,,2026-06-03T15:00:50Z,7a9867d,experimento-cicd,5,1
26893427247,7a9867d37e65f765473a69ff08bf06cf720ae752,lint: introduce no-var rule and revert test break,completed,failure,35.0,lint,12.0,Run ESLint,0.0,,,,2026-06-03T15:00:50Z,7a9867d,experimento-cicd,5,1
26893427247,7a9867d37e65f765473a69ff08bf06cf720ae752,lint: introduce no-var rule and revert test break,completed,failure,35.0,lint,12.0,Post Run actions/cache@v4,0.0,,,,2026-06-03T15:00:50Z,7a9867d,experimento-cicd,5,1
26893427247,7a9867d37e65f765473a69ff08bf06cf720ae752,lint: introduce no-var rule and revert test break,completed,failure,35.0,lint,12.0,Post Run actions/setup-node@v4,0.0,,,,2026-06-03T15:00:50Z,7a9867d,experimento-cicd,5,1
26893427247,7a9867d37e65f765473a69ff08bf06cf720ae752,lint: introduce no-var rule and revert test break,completed,failure,35.0,lint,12.0,Post Run actions/checkout@v4,1.0,,,,2026-06-03T15:00:50Z,7a9867d,experimento-cicd,5,1
26893427247,7a9867d37e65f765473a69ff08bf06cf720ae752,lint: introduce no-var rule and revert test break,completed,failure,35.0,lint,12.0,Complete job,0.0,,,,2026-06-03T15:00:50Z,7a9867d,experimento-cicd,5,1
26893427247,7a9867d37e65f765473a69ff08bf06cf720ae752,lint: introduce no-var rule and revert test break,completed,failure,35.0,test,-1.0,,,,,,2026-06-03T15:00:50Z,7a9867d,experimento-cicd,5,1
26893186351,c5a88c528af87140448eb813ca590ba3fad4b8ec,test: break test on purpose,completed,success,55.0,install,13.0,Set up job,1.0,33,1,0,2026-06-03T14:56:49Z,c5a88c5,experimento-cicd,4,1
26893186351,c5a88c528af87140448eb813ca590ba3fad4b8ec,test: break test on purpose,completed,success,55.0,install,13.0,Run actions/checkout@v4,1.0,33,1,0,2026-06-03T14:56:49Z,c5a88c5,experimento-cicd,4,1
26893186351,c5a88c528af87140448eb813ca590ba3fad4b8ec,test: break test on purpose,completed,success,55.0,install,13.0,Run actions/setup-node@v4,5.0,33,1,0,2026-06-03T14:56:49Z,c5a88c5,experimento-cicd,4,1
26893186351,c5a88c528af87140448eb813ca590ba3fad4b8ec,test: break test on purpose,completed,success,55.0,install,13.0,Run actions/cache@v4,1.0,33,1,0,2026-06-03T14:56:49Z,c5a88c5,experimento-cicd,4,1
26893186351,c5a88c528af87140448eb813ca590ba3fad4b8ec,test: break test on purpose,completed,success,55.0,install,13.0,Install dependencies,2.0,33,1,0,2026-06-03T14:56:49Z,c5a88c5,experimento-cicd,4,1
26893186351,c5a88c528af87140448eb813ca590ba3fad4b8ec,test: break test on purpose,completed,success,55.0,install,13.0,Done,0.0,33,1,0,2026-06-03T14:56:49Z,c5a88c5,experimento-cicd,4,1
26893186351,c5a88c528af87140448eb813ca590ba3fad4b8ec,test: break test on purpose,completed,success,55.0,install,13.0,Post Run actions/cache@v4,0.0,33,1,0,2026-06-03T14:56:49Z,c5a88c5,experimento-cicd,4,1
26893186351,c5a88c528af87140448eb813ca590ba3fad4b8ec,test: break test on purpose,completed,success,55.0,install,13.0,Post Run actions/setup-node@v4,0.0,33,1,0,2026-06-03T14:56:49Z,c5a88c5,experimento-cicd,4,1
26893186351,c5a88c528af87140448eb813ca590ba3fad4b8ec,test: break test on purpose,completed,success,55.0,install,13.0,Post Run actions/checkout@v4,0.0,33,1,0,2026-06-03T14:56:49Z,c5a88c5,experimento-cicd,4,1
26893186351,c5a88c528af87140448eb813ca590ba3fad4b8ec,test: break test on purpose,completed,success,55.0,install,13.0,Complete job,0.0,33,1,0,2026-06-03T14:56:49Z,c5a88c5,experimento-cicd,4,1
26893186351,c5a88c528af87140448eb813ca590ba3fad4b8ec,test: break test on purpose,completed,success,55.0,lint,16.0,Set up job,1.0,33,1,0,2026-06-03T14:56:49Z,c5a88c5,experimento-cicd,4,1
26893186351,c5a88c528af87140448eb813ca590ba3fad4b8ec,test: break test on purpose,completed,success,55.0,lint,16.0,Run actions/checkout@v4,1.0,33,1,0,2026-06-03T14:56:49Z,c5a88c5,experimento-cicd,4,1
26893186351,c5a88c528af87140448eb813ca590ba3fad4b8ec,test: break test on purpose,completed,success,55.0,lint,16.0,Run actions/setup-node@v4,5.0,33,1,0,2026-06-03T14:56:49Z,c5a88c5,experimento-cicd,4,1
26893186351,c5a88c528af87140448eb813ca590ba3fad4b8ec,test: break test on purpose,completed,success,55.0,lint,16.0,Run actions/cache@v4,2.0,33,1,0,2026-06-03T14:56:49Z,c5a88c5,experimento-cicd,4,1
26893186351,c5a88c528af87140448eb813ca590ba3fad4b8ec,test: break test on purpose,completed,success,55.0,lint,16.0,Run npm ci,2.0,33,1,0,2026-06-03T14:56:49Z,c5a88c5,experimento-cicd,4,1
26893186351,c5a88c528af87140448eb813ca590ba3fad4b8ec,test: break test on purpose,completed,success,55.0,lint,16.0,Run ESLint,1.0,33,1,0,2026-06-03T14:56:49Z,c5a88c5,experimento-cicd,4,1
26893186351,c5a88c528af87140448eb813ca590ba3fad4b8ec,test: break test on purpose,completed,success,55.0,lint,16.0,Post Run actions/cache@v4,0.0,33,1,0,2026-06-03T14:56:49Z,c5a88c5,experimento-cicd,4,1
26893186351,c5a88c528af87140448eb813ca590ba3fad4b8ec,test: break test on purpose,completed,success,55.0,lint,16.0,Post Run actions/setup-node@v4,0.0,33,1,0,2026-06-03T14:56:49Z,c5a88c5,experimento-cicd,4,1
26893186351,c5a88c528af87140448eb813ca590ba3fad4b8ec,test: break test on purpose,completed,success,55.0,lint,16.0,Post Run actions/checkout@v4,0.0,33,1,0,2026-06-03T14:56:49Z,c5a88c5,experimento-cicd,4,1
26893186351,c5a88c528af87140448eb813ca590ba3fad4b8ec,test: break test on purpose,completed,success,55.0,lint,16.0,Complete job,0.0,33,1,0,2026-06-03T14:56:49Z,c5a88c5,experimento-cicd,4,1
26893186351,c5a88c528af87140448eb813ca590ba3fad4b8ec,test: break test on purpose,completed,success,55.0,test,17.0,Set up job,1.0,33,1,0,2026-06-03T14:56:49Z,c5a88c5,experimento-cicd,4,1
26893186351,c5a88c528af87140448eb813ca590ba3fad4b8ec,test: break test on purpose,completed,success,55.0,test,17.0,Run actions/checkout@v4,1.0,33,1,0,2026-06-03T14:56:49Z,c5a88c5,experimento-cicd,4,1
26893186351,c5a88c528af87140448eb813ca590ba3fad4b8ec,test: break test on purpose,completed,success,55.0,test,17.0,Run actions/setup-node@v4,4.0,33,1,0,2026-06-03T14:56:49Z,c5a88c5,experimento-cicd,4,1
26893186351,c5a88c528af87140448eb813ca590ba3fad4b8ec,test: break test on purpose,completed,success,55.0,test,17.0,Run actions/cache@v4,1.0,33,1,0,2026-06-03T14:56:49Z,c5a88c5,experimento-cicd,4,1
26893186351,c5a88c528af87140448eb813ca590ba3fad4b8ec,test: break test on purpose,completed,success,55.0,test,17.0,Run npm ci,2.0,33,1,0,2026-06-03T14:56:49Z,c5a88c5,experimento-cicd,4,1
26893186351,c5a88c528af87140448eb813ca590ba3fad4b8ec,test: break test on purpose,completed,success,55.0,test,17.0,Run tests with JSON output,4.0,33,1,0,2026-06-03T14:56:49Z,c5a88c5,experimento-cicd,4,1
26893186351,c5a88c528af87140448eb813ca590ba3fad4b8ec,test: break test on purpose,completed,success,55.0,test,17.0,Compute test metrics,0.0,33,1,0,2026-06-03T14:56:49Z,c5a88c5,experimento-cicd,4,1
26893186351,c5a88c528af87140448eb813ca590ba3fad4b8ec,test: break test on purpose,completed,success,55.0,test,17.0,Upload test artifact,1.0,33,1,0,2026-06-03T14:56:49Z,c5a88c5,experimento-cicd,4,1
26893186351,c5a88c528af87140448eb813ca590ba3fad4b8ec,test: break test on purpose,completed,success,55.0,test,17.0,Post Run actions/cache@v4,0.0,33,1,0,2026-06-03T14:56:49Z,c5a88c5,experimento-cicd,4,1
26893186351,c5a88c528af87140448eb813ca590ba3fad4b8ec,test: break test on purpose,completed,success,55.0,test,17.0,Post Run actions/setup-node@v4,0.0,33,1,0,2026-06-03T14:56:49Z,c5a88c5,experimento-cicd,4,1
26893186351,c5a88c528af87140448eb813ca590ba3fad4b8ec,test: break test on purpose,completed,success,55.0,test,17.0,Post Run actions/checkout@v4,0.0,33,1,0,2026-06-03T14:56:49Z,c5a88c5,experimento-cicd,4,1
26893186351,c5a88c528af87140448eb813ca590ba3fad4b8ec,test: break test on purpose,completed,success,55.0,test,17.0,Complete job,0.0,33,1,0,2026-06-03T14:56:49Z,c5a88c5,experimento-cicd,4,1
26892860629,1783bad9317fc8021fd85a294a710f1ea34131b2,chore: rerun baseline (cache warm),completed,success,52.0,install,14.0,Set up job,1.0,32,0,0,2026-06-03T14:51:26Z,1783bad,experimento-cicd,3,1
26892860629,1783bad9317fc8021fd85a294a710f1ea34131b2,chore: rerun baseline (cache warm),completed,success,52.0,install,14.0,Run actions/checkout@v4,1.0,32,0,0,2026-06-03T14:51:26Z,1783bad,experimento-cicd,3,1
26892860629,1783bad9317fc8021fd85a294a710f1ea34131b2,chore: rerun baseline (cache warm),completed,success,52.0,install,14.0,Run actions/setup-node@v4,4.0,32,0,0,2026-06-03T14:51:26Z,1783bad,experimento-cicd,3,1
26892860629,1783bad9317fc8021fd85a294a710f1ea34131b2,chore: rerun baseline (cache warm),completed,success,52.0,install,14.0,Run actions/cache@v4,1.0,32,0,0,2026-06-03T14:51:26Z,1783bad,experimento-cicd,3,1
26892860629,1783bad9317fc8021fd85a294a710f1ea34131b2,chore: rerun baseline (cache warm),completed,success,52.0,install,14.0,Install dependencies,2.0,32,0,0,2026-06-03T14:51:26Z,1783bad,experimento-cicd,3,1
26892860629,1783bad9317fc8021fd85a294a710f1ea34131b2,chore: rerun baseline (cache warm),completed,success,52.0,install,14.0,Done,0.0,32,0,0,2026-06-03T14:51:26Z,1783bad,experimento-cicd,3,1
26892860629,1783bad9317fc8021fd85a294a710f1ea34131b2,chore: rerun baseline (cache warm),completed,success,52.0,install,14.0,Post Run actions/cache@v4,0.0,32,0,0,2026-06-03T14:51:26Z,1783bad,experimento-cicd,3,1
26892860629,1783bad9317fc8021fd85a294a710f1ea34131b2,chore: rerun baseline (cache warm),completed,success,52.0,install,14.0,Post Run actions/setup-node@v4,0.0,32,0,0,2026-06-03T14:51:26Z,1783bad,experimento-cicd,3,1
26892860629,1783bad9317fc8021fd85a294a710f1ea34131b2,chore: rerun baseline (cache warm),completed,success,52.0,install,14.0,Post Run actions/checkout@v4,0.0,32,0,0,2026-06-03T14:51:26Z,1783bad,experimento-cicd,3,1
26892860629,1783bad9317fc8021fd85a294a710f1ea34131b2,chore: rerun baseline (cache warm),completed,success,52.0,install,14.0,Complete job,0.0,32,0,0,2026-06-03T14:51:26Z,1783bad,experimento-cicd,3,1
26892860629,1783bad9317fc8021fd85a294a710f1ea34131b2,chore: rerun baseline (cache warm),completed,success,52.0,lint,13.0,Set up job,1.0,32,0,0,2026-06-03T14:51:26Z,1783bad,experimento-cicd,3,1
26892860629,1783bad9317fc8021fd85a294a710f1ea34131b2,chore: rerun baseline (cache warm),completed,success,52.0,lint,13.0,Run actions/checkout@v4,0.0,32,0,0,2026-06-03T14:51:26Z,1783bad,experimento-cicd,3,1
26892860629,1783bad9317fc8021fd85a294a710f1ea34131b2,chore: rerun baseline (cache warm),completed,success,52.0,lint,13.0,Run actions/setup-node@v4,5.0,32,0,0,2026-06-03T14:51:26Z,1783bad,experimento-cicd,3,1
26892860629,1783bad9317fc8021fd85a294a710f1ea34131b2,chore: rerun baseline (cache warm),completed,success,52.0,lint,13.0,Run actions/cache@v4,0.0,32,0,0,2026-06-03T14:51:26Z,1783bad,experimento-cicd,3,1
26892860629,1783bad9317fc8021fd85a294a710f1ea34131b2,chore: rerun baseline (cache warm),completed,success,52.0,lint,13.0,Run npm ci,3.0,32,0,0,2026-06-03T14:51:26Z,1783bad,experimento-cicd,3,1
26892860629,1783bad9317fc8021fd85a294a710f1ea34131b2,chore: rerun baseline (cache warm),completed,success,52.0,lint,13.0,Run ESLint,0.0,32,0,0,2026-06-03T14:51:26Z,1783bad,experimento-cicd,3,1
26892860629,1783bad9317fc8021fd85a294a710f1ea34131b2,chore: rerun baseline (cache warm),completed,success,52.0,lint,13.0,Post Run actions/cache@v4,1.0,32,0,0,2026-06-03T14:51:26Z,1783bad,experimento-cicd,3,1
26892860629,1783bad9317fc8021fd85a294a710f1ea34131b2,chore: rerun baseline (cache warm),completed,success,52.0,lint,13.0,Post Run actions/setup-node@v4,0.0,32,0,0,2026-06-03T14:51:26Z,1783bad,experimento-cicd,3,1
26892860629,1783bad9317fc8021fd85a294a710f1ea34131b2,chore: rerun baseline (cache warm),completed,success,52.0,lint,13.0,Post Run actions/checkout@v4,0.0,32,0,0,2026-06-03T14:51:26Z,1783bad,experimento-cicd,3,1
26892860629,1783bad9317fc8021fd85a294a710f1ea34131b2,chore: rerun baseline (cache warm),completed,success,52.0,lint,13.0,Complete job,0.0,32,0,0,2026-06-03T14:51:26Z,1783bad,experimento-cicd,3,1
26892860629,1783bad9317fc8021fd85a294a710f1ea34131b2,chore: rerun baseline (cache warm),completed,success,52.0,test,15.0,Set up job,1.0,32,0,0,2026-06-03T14:51:26Z,1783bad,experimento-cicd,3,1
26892860629,1783bad9317fc8021fd85a294a710f1ea34131b2,chore: rerun baseline (cache warm),completed,success,52.0,test,15.0,Run actions/checkout@v4,1.0,32,0,0,2026-06-03T14:51:26Z,1783bad,experimento-cicd,3,1
26892860629,1783bad9317fc8021fd85a294a710f1ea34131b2,chore: rerun baseline (cache warm),completed,success,52.0,test,15.0,Run actions/setup-node@v4,4.0,32,0,0,2026-06-03T14:51:26Z,1783bad,experimento-cicd,3,1
26892860629,1783bad9317fc8021fd85a294a710f1ea34131b2,chore: rerun baseline (cache warm),completed,success,52.0,test,15.0,Run actions/cache@v4,1.0,32,0,0,2026-06-03T14:51:26Z,1783bad,experimento-cicd,3,1
26892860629,1783bad9317fc8021fd85a294a710f1ea34131b2,chore: rerun baseline (cache warm),completed,success,52.0,test,15.0,Run npm ci,2.0,32,0,0,2026-06-03T14:51:26Z,1783bad,experimento-cicd,3,1
26892860629,1783bad9317fc8021fd85a294a710f1ea34131b2,chore: rerun baseline (cache warm),completed,success,52.0,test,15.0,Run tests with JSON output,4.0,32,0,0,2026-06-03T14:51:26Z,1783bad,experimento-cicd,3,1
26892860629,1783bad9317fc8021fd85a294a710f1ea34131b2,chore: rerun baseline (cache warm),completed,success,52.0,test,15.0,Compute test metrics,0.0,32,0,0,2026-06-03T14:51:26Z,1783bad,experimento-cicd,3,1
26892860629,1783bad9317fc8021fd85a294a710f1ea34131b2,chore: rerun baseline (cache warm),completed,success,52.0,test,15.0,Upload test artifact,1.0,32,0,0,2026-06-03T14:51:26Z,1783bad,experimento-cicd,3,1
26892860629,1783bad9317fc8021fd85a294a710f1ea34131b2,chore: rerun baseline (cache warm),completed,success,52.0,test,15.0,Post Run actions/cache@v4,0.0,32,0,0,2026-06-03T14:51:26Z,1783bad,experimento-cicd,3,1
26892860629,1783bad9317fc8021fd85a294a710f1ea34131b2,chore: rerun baseline (cache warm),completed,success,52.0,test,15.0,Post Run actions/setup-node@v4,0.0,32,0,0,2026-06-03T14:51:26Z,1783bad,experimento-cicd,3,1
26892860629,1783bad9317fc8021fd85a294a710f1ea34131b2,chore: rerun baseline (cache warm),completed,success,52.0,test,15.0,Post Run actions/checkout@v4,0.0,32,0,0,2026-06-03T14:51:26Z,1783bad,experimento-cicd,3,1
26892860629,1783bad9317fc8021fd85a294a710f1ea34131b2,chore: rerun baseline (cache warm),completed,success,52.0,test,15.0,Complete job,0.0,32,0,0,2026-06-03T14:51:26Z,1783bad,experimento-cicd,3,1
26892821252,39b7edcf14abe0e8f71f8b987a4e8caaa06bd039,chore: rerun baseline (cache cold),completed,success,59.0,install,15.0,Set up job,1.0,32,0,0,2026-06-03T14:50:46Z,39b7edc,experimento-cicd,2,1
26892821252,39b7edcf14abe0e8f71f8b987a4e8caaa06bd039,chore: rerun baseline (cache cold),completed,success,59.0,install,15.0,Run actions/checkout@v4,0.0,32,0,0,2026-06-03T14:50:46Z,39b7edc,experimento-cicd,2,1
26892821252,39b7edcf14abe0e8f71f8b987a4e8caaa06bd039,chore: rerun baseline (cache cold),completed,success,59.0,install,15.0,Run actions/setup-node@v4,5.0,32,0,0,2026-06-03T14:50:46Z,39b7edc,experimento-cicd,2,1
26892821252,39b7edcf14abe0e8f71f8b987a4e8caaa06bd039,chore: rerun baseline (cache cold),completed,success,59.0,install,15.0,Run actions/cache@v4,0.0,32,0,0,2026-06-03T14:50:46Z,39b7edc,experimento-cicd,2,1
26892821252,39b7edcf14abe0e8f71f8b987a4e8caaa06bd039,chore: rerun baseline (cache cold),completed,success,59.0,install,15.0,Install dependencies,5.0,32,0,0,2026-06-03T14:50:46Z,39b7edc,experimento-cicd,2,1
26892821252,39b7edcf14abe0e8f71f8b987a4e8caaa06bd039,chore: rerun baseline (cache cold),completed,success,59.0,install,15.0,Done,0.0,32,0,0,2026-06-03T14:50:46Z,39b7edc,experimento-cicd,2,1
26892821252,39b7edcf14abe0e8f71f8b987a4e8caaa06bd039,chore: rerun baseline (cache cold),completed,success,59.0,install,15.0,Post Run actions/cache@v4,1.0,32,0,0,2026-06-03T14:50:46Z,39b7edc,experimento-cicd,2,1
26892821252,39b7edcf14abe0e8f71f8b987a4e8caaa06bd039,chore: rerun baseline (cache cold),completed,success,59.0,install,15.0,Post Run actions/setup-node@v4,0.0,32,0,0,2026-06-03T14:50:46Z,39b7edc,experimento-cicd,2,1
26892821252,39b7edcf14abe0e8f71f8b987a4e8caaa06bd039,chore: rerun baseline (cache cold),completed,success,59.0,install,15.0,Post Run actions/checkout@v4,0.0,32,0,0,2026-06-03T14:50:46Z,39b7edc,experimento-cicd,2,1
26892821252,39b7edcf14abe0e8f71f8b987a4e8caaa06bd039,chore: rerun baseline (cache cold),completed,success,59.0,install,15.0,Complete job,0.0,32,0,0,2026-06-03T14:50:46Z,39b7edc,experimento-cicd,2,1
26892821252,39b7edcf14abe0e8f71f8b987a4e8caaa06bd039,chore: rerun baseline (cache cold),completed,success,59.0,lint,16.0,Set up job,2.0,32,0,0,2026-06-03T14:50:46Z,39b7edc,experimento-cicd,2,1
26892821252,39b7edcf14abe0e8f71f8b987a4e8caaa06bd039,chore: rerun baseline (cache cold),completed,success,59.0,lint,16.0,Run actions/checkout@v4,1.0,32,0,0,2026-06-03T14:50:46Z,39b7edc,experimento-cicd,2,1
26892821252,39b7edcf14abe0e8f71f8b987a4e8caaa06bd039,chore: rerun baseline (cache cold),completed,success,59.0,lint,16.0,Run actions/setup-node@v4,5.0,32,0,0,2026-06-03T14:50:46Z,39b7edc,experimento-cicd,2,1
26892821252,39b7edcf14abe0e8f71f8b987a4e8caaa06bd039,chore: rerun baseline (cache cold),completed,success,59.0,lint,16.0,Run actions/cache@v4,2.0,32,0,0,2026-06-03T14:50:46Z,39b7edc,experimento-cicd,2,1
26892821252,39b7edcf14abe0e8f71f8b987a4e8caaa06bd039,chore: rerun baseline (cache cold),completed,success,59.0,lint,16.0,Run npm ci,2.0,32,0,0,2026-06-03T14:50:46Z,39b7edc,experimento-cicd,2,1
26892821252,39b7edcf14abe0e8f71f8b987a4e8caaa06bd039,chore: rerun baseline (cache cold),completed,success,59.0,lint,16.0,Run ESLint,0.0,32,0,0,2026-06-03T14:50:46Z,39b7edc,experimento-cicd,2,1
26892821252,39b7edcf14abe0e8f71f8b987a4e8caaa06bd039,chore: rerun baseline (cache cold),completed,success,59.0,lint,16.0,Post Run actions/cache@v4,1.0,32,0,0,2026-06-03T14:50:46Z,39b7edc,experimento-cicd,2,1
26892821252,39b7edcf14abe0e8f71f8b987a4e8caaa06bd039,chore: rerun baseline (cache cold),completed,success,59.0,lint,16.0,Post Run actions/setup-node@v4,0.0,32,0,0,2026-06-03T14:50:46Z,39b7edc,experimento-cicd,2,1
26892821252,39b7edcf14abe0e8f71f8b987a4e8caaa06bd039,chore: rerun baseline (cache cold),completed,success,59.0,lint,16.0,Post Run actions/checkout@v4,0.0,32,0,0,2026-06-03T14:50:46Z,39b7edc,experimento-cicd,2,1
26892821252,39b7edcf14abe0e8f71f8b987a4e8caaa06bd039,chore: rerun baseline (cache cold),completed,success,59.0,lint,16.0,Complete job,0.0,32,0,0,2026-06-03T14:50:46Z,39b7edc,experimento-cicd,2,1
26892821252,39b7edcf14abe0e8f71f8b987a4e8caaa06bd039,chore: rerun baseline (cache cold),completed,success,59.0,test,16.0,Set up job,1.0,32,0,0,2026-06-03T14:50:46Z,39b7edc,experimento-cicd,2,1
26892821252,39b7edcf14abe0e8f71f8b987a4e8caaa06bd039,chore: rerun baseline (cache cold),completed,success,59.0,test,16.0,Run actions/checkout@v4,1.0,32,0,0,2026-06-03T14:50:46Z,39b7edc,experimento-cicd,2,1
26892821252,39b7edcf14abe0e8f71f8b987a4e8caaa06bd039,chore: rerun baseline (cache cold),completed,success,59.0,test,16.0,Run actions/setup-node@v4,4.0,32,0,0,2026-06-03T14:50:46Z,39b7edc,experimento-cicd,2,1
26892821252,39b7edcf14abe0e8f71f8b987a4e8caaa06bd039,chore: rerun baseline (cache cold),completed,success,59.0,test,16.0,Run actions/cache@v4,1.0,32,0,0,2026-06-03T14:50:46Z,39b7edc,experimento-cicd,2,1
26892821252,39b7edcf14abe0e8f71f8b987a4e8caaa06bd039,chore: rerun baseline (cache cold),completed,success,59.0,test,16.0,Run npm ci,2.0,32,0,0,2026-06-03T14:50:46Z,39b7edc,experimento-cicd,2,1
26892821252,39b7edcf14abe0e8f71f8b987a4e8caaa06bd039,chore: rerun baseline (cache cold),completed,success,59.0,test,16.0,Run tests with JSON output,4.0,32,0,0,2026-06-03T14:50:46Z,39b7edc,experimento-cicd,2,1
26892821252,39b7edcf14abe0e8f71f8b987a4e8caaa06bd039,chore: rerun baseline (cache cold),completed,success,59.0,test,16.0,Compute test metrics,0.0,32,0,0,2026-06-03T14:50:46Z,39b7edc,experimento-cicd,2,1
26892821252,39b7edcf14abe0e8f71f8b987a4e8caaa06bd039,chore: rerun baseline (cache cold),completed,success,59.0,test,16.0,Upload test artifact,1.0,32,0,0,2026-06-03T14:50:46Z,39b7edc,experimento-cicd,2,1
26892821252,39b7edcf14abe0e8f71f8b987a4e8caaa06bd039,chore: rerun baseline (cache cold),completed,success,59.0,test,16.0,Post Run actions/cache@v4,0.0,32,0,0,2026-06-03T14:50:46Z,39b7edc,experimento-cicd,2,1
26892821252,39b7edcf14abe0e8f71f8b987a4e8caaa06bd039,chore: rerun baseline (cache cold),completed,success,59.0,test,16.0,Post Run actions/setup-node@v4,0.0,32,0,0,2026-06-03T14:50:46Z,39b7edc,experimento-cicd,2,1
26892821252,39b7edcf14abe0e8f71f8b987a4e8caaa06bd039,chore: rerun baseline (cache cold),completed,success,59.0,test,16.0,Post Run actions/checkout@v4,0.0,32,0,0,2026-06-03T14:50:46Z,39b7edc,experimento-cicd,2,1
26892821252,39b7edcf14abe0e8f71f8b987a4e8caaa06bd039,chore: rerun baseline (cache cold),completed,success,59.0,test,16.0,Complete job,0.0,32,0,0,2026-06-03T14:50:46Z,39b7edc,experimento-cicd,2,1
26891492736,695580c3f5c3c7a1dff342f9460a23786929a76b,docs: add RUNS.md with execution guide,completed,success,55.0,install,15.0,Set up job,2.0,32,0,0,2026-06-03T14:28:53Z,695580c,experimento-cicd,1,1
26891492736,695580c3f5c3c7a1dff342f9460a23786929a76b,docs: add RUNS.md with execution guide,completed,success,55.0,install,15.0,Run actions/checkout@v4,0.0,32,0,0,2026-06-03T14:28:53Z,695580c,experimento-cicd,1,1
26891492736,695580c3f5c3c7a1dff342f9460a23786929a76b,docs: add RUNS.md with execution guide,completed,success,55.0,install,15.0,Run actions/setup-node@v4,5.0,32,0,0,2026-06-03T14:28:53Z,695580c,experimento-cicd,1,1
26891492736,695580c3f5c3c7a1dff342f9460a23786929a76b,docs: add RUNS.md with execution guide,completed,success,55.0,install,15.0,Run actions/cache@v4,0.0,32,0,0,2026-06-03T14:28:53Z,695580c,experimento-cicd,1,1
26891492736,695580c3f5c3c7a1dff342f9460a23786929a76b,docs: add RUNS.md with execution guide,completed,success,55.0,install,15.0,Install dependencies,4.0,32,0,0,2026-06-03T14:28:53Z,695580c,experimento-cicd,1,1
26891492736,695580c3f5c3c7a1dff342f9460a23786929a76b,docs: add RUNS.md with execution guide,completed,success,55.0,install,15.0,Done,0.0,32,0,0,2026-06-03T14:28:53Z,695580c,experimento-cicd,1,1
26891492736,695580c3f5c3c7a1dff342f9460a23786929a76b,docs: add RUNS.md with execution guide,completed,success,55.0,install,15.0,Post Run actions/cache@v4,1.0,32,0,0,2026-06-03T14:28:53Z,695580c,experimento-cicd,1,1
26891492736,695580c3f5c3c7a1dff342f9460a23786929a76b,docs: add RUNS.md with execution guide,completed,success,55.0,install,15.0,Post Run actions/setup-node@v4,0.0,32,0,0,2026-06-03T14:28:53Z,695580c,experimento-cicd,1,1
26891492736,695580c3f5c3c7a1dff342f9460a23786929a76b,docs: add RUNS.md with execution guide,completed,success,55.0,install,15.0,Post Run actions/checkout@v4,0.0,32,0,0,2026-06-03T14:28:53Z,695580c,experimento-cicd,1,1
26891492736,695580c3f5c3c7a1dff342f9460a23786929a76b,docs: add RUNS.md with execution guide,completed,success,55.0,install,15.0,Complete job,0.0,32,0,0,2026-06-03T14:28:53Z,695580c,experimento-cicd,1,1
26891492736,695580c3f5c3c7a1dff342f9460a23786929a76b,docs: add RUNS.md with execution guide,completed,success,55.0,lint,13.0,Set up job,1.0,32,0,0,2026-06-03T14:28:53Z,695580c,experimento-cicd,1,1
26891492736,695580c3f5c3c7a1dff342f9460a23786929a76b,docs: add RUNS.md with execution guide,completed,success,55.0,lint,13.0,Run actions/checkout@v4,1.0,32,0,0,2026-06-03T14:28:53Z,695580c,experimento-cicd,1,1
26891492736,695580c3f5c3c7a1dff342f9460a23786929a76b,docs: add RUNS.md with execution guide,completed,success,55.0,lint,13.0,Run actions/setup-node@v4,4.0,32,0,0,2026-06-03T14:28:53Z,695580c,experimento-cicd,1,1
26891492736,695580c3f5c3c7a1dff342f9460a23786929a76b,docs: add RUNS.md with execution guide,completed,success,55.0,lint,13.0,Run actions/cache@v4,1.0,32,0,0,2026-06-03T14:28:53Z,695580c,experimento-cicd,1,1
26891492736,695580c3f5c3c7a1dff342f9460a23786929a76b,docs: add RUNS.md with execution guide,completed,success,55.0,lint,13.0,Run npm ci,2.0,32,0,0,2026-06-03T14:28:53Z,695580c,experimento-cicd,1,1
26891492736,695580c3f5c3c7a1dff342f9460a23786929a76b,docs: add RUNS.md with execution guide,completed,success,55.0,lint,13.0,Run ESLint,1.0,32,0,0,2026-06-03T14:28:53Z,695580c,experimento-cicd,1,1
26891492736,695580c3f5c3c7a1dff342f9460a23786929a76b,docs: add RUNS.md with execution guide,completed,success,55.0,lint,13.0,Post Run actions/cache@v4,0.0,32,0,0,2026-06-03T14:28:53Z,695580c,experimento-cicd,1,1
26891492736,695580c3f5c3c7a1dff342f9460a23786929a76b,docs: add RUNS.md with execution guide,completed,success,55.0,lint,13.0,Post Run actions/setup-node@v4,0.0,32,0,0,2026-06-03T14:28:53Z,695580c,experimento-cicd,1,1
26891492736,695580c3f5c3c7a1dff342f9460a23786929a76b,docs: add RUNS.md with execution guide,completed,success,55.0,lint,13.0,Post Run actions/checkout@v4,0.0,32,0,0,2026-06-03T14:28:53Z,695580c,experimento-cicd,1,1
26891492736,695580c3f5c3c7a1dff342f9460a23786929a76b,docs: add RUNS.md with execution guide,completed,success,55.0,lint,13.0,Complete job,0.0,32,0,0,2026-06-03T14:28:53Z,695580c,experimento-cicd,1,1
26891492736,695580c3f5c3c7a1dff342f9460a23786929a76b,docs: add RUNS.md with execution guide,completed,success,55.0,test,17.0,Set up job,1.0,32,0,0,2026-06-03T14:28:53Z,695580c,experimento-cicd,1,1
26891492736,695580c3f5c3c7a1dff342f9460a23786929a76b,docs: add RUNS.md with execution guide,completed,success,55.0,test,17.0,Run actions/checkout@v4,1.0,32,0,0,2026-06-03T14:28:53Z,695580c,experimento-cicd,1,1
26891492736,695580c3f5c3c7a1dff342f9460a23786929a76b,docs: add RUNS.md with execution guide,completed,success,55.0,test,17.0,Run actions/setup-node@v4,4.0,32,0,0,2026-06-03T14:28:53Z,695580c,experimento-cicd,1,1
26891492736,695580c3f5c3c7a1dff342f9460a23786929a76b,docs: add RUNS.md with execution guide,completed,success,55.0,test,17.0,Run actions/cache@v4,1.0,32,0,0,2026-06-03T14:28:53Z,695580c,experimento-cicd,1,1
26891492736,695580c3f5c3c7a1dff342f9460a23786929a76b,docs: add RUNS.md with execution guide,completed,success,55.0,test,17.0,Run npm ci,2.0,32,0,0,2026-06-03T14:28:53Z,695580c,experimento-cicd,1,1
26891492736,695580c3f5c3c7a1dff342f9460a23786929a76b,docs: add RUNS.md with execution guide,completed,success,55.0,test,17.0,Run tests with JSON output,4.0,32,0,0,2026-06-03T14:28:53Z,695580c,experimento-cicd,1,1
26891492736,695580c3f5c3c7a1dff342f9460a23786929a76b,docs: add RUNS.md with execution guide,completed,success,55.0,test,17.0,Compute test metrics,0.0,32,0,0,2026-06-03T14:28:53Z,695580c,experimento-cicd,1,1
26891492736,695580c3f5c3c7a1dff342f9460a23786929a76b,docs: add RUNS.md with execution guide,completed,success,55.0,test,17.0,Upload test artifact,1.0,32,0,0,2026-06-03T14:28:53Z,695580c,experimento-cicd,1,1
26891492736,695580c3f5c3c7a1dff342f9460a23786929a76b,docs: add RUNS.md with execution guide,completed,success,55.0,test,17.0,Post Run actions/cache@v4,0.0,32,0,0,2026-06-03T14:28:53Z,695580c,experimento-cicd,1,1
26891492736,695580c3f5c3c7a1dff342f9460a23786929a76b,docs: add RUNS.md with execution guide,completed,success,55.0,test,17.0,Post Run actions/setup-node@v4,0.0,32,0,0,2026-06-03T14:28:53Z,695580c,experimento-cicd,1,1
26891492736,695580c3f5c3c7a1dff342f9460a23786929a76b,docs: add RUNS.md with execution guide,completed,success,55.0,test,17.0,Post Run actions/checkout@v4,1.0,32,0,0,2026-06-03T14:28:53Z,695580c,experimento-cicd,1,1
26891492736,695580c3f5c3c7a1dff342f9460a23786929a76b,docs: add RUNS.md with execution guide,completed,success,55.0,test,17.0,Complete job,0.0,32,0,0,2026-06-03T14:28:53Z,695580c,experimento-cicd,1,1
